ts	run_id	start	size	restarts	limit_inputs	seed	budget_s	internal	contest	and2	or2	xor2	not1	status	note	wall_s
1777262452	round1_mut11_s11_s8_seed42	mut11_s11.blif	8	0	none	42	900	67	78	39	13	15	11	ok	translator=legacy	900.7
1777262452	round1_mut11_s13_s8_seed1	mut11_s13.blif	8	0	none	1	900	67	77	38	13	15	11	ok	translator=legacy	900.7
1777262456	round1_mut11_s101_s8_seed42	mut11_s101.blif	8	0	none	42	900	65	77	32	13	20	12	ok	translator=legacy	904.7
1777262458	round1_mut11_s101_s8_seed1	mut11_s101.blif	8	0	none	1	900	67	75	32	13	22	8	ok	translator=legacy	906.7
1777262459	round1_canonical_65_s8_seed1	canonical_65.blif	8	0	none	1	900	58	68	26	11	21	10	ok	translator=legacy	907.5
1777262460	round1_canonical_65_s8_seed42	canonical_65.blif	8	0	none	42	900	58	65	25	12	21	7	ok	translator=legacy	908.9
1777262460	round1_mut11_s13_s8_seed42	mut11_s13.blif	8	0	none	42	900	67	79	40	14	13	12	ok	translator=legacy	909.1
1777262460	round1_canonical_70_s8_seed1	canonical_70.blif	8	0	none	1	900	63	70	29	9	23	9	ok	translator=legacy	909.2
1777262461	round1_canonical_74_s8_seed1	canonical_74.blif	8	0	none	1	900	66	78	33	13	19	13	ok	translator=legacy	909.3
1777262461	round1_mut11_s11_s8_seed1	mut11_s11.blif	8	0	none	1	900	66	76	39	13	14	10	ok	translator=legacy	909.6
1777262463	round1_mut11_s101_s10_seed1	mut11_s101.blif	10	0	none	1	900	72	80	37	14	16	13	ok	translator=legacy	911.4
1777262463	round1_mut11_s11_s10_seed1	mut11_s11.blif	10	0	none	1	900	74	81	38	15	13	15	ok	translator=legacy	911.5
1777262464	round1_canonical_70_s8_seed42	canonical_70.blif	8	0	none	42	900	61	70	30	11	20	9	ok	translator=legacy	912.3
1777262465	round1_mut11_s11_s10_seed42	mut11_s11.blif	10	0	none	42	900	72	80	40	13	15	12	ok	translator=legacy	914.1
1777262470	round1_canonical_74_s10_seed42	canonical_74.blif	10	0	none	42	900	69	72	34	13	19	6	ok	translator=legacy	918.8
1777262478	round1_canonical_74_s8_seed42	canonical_74.blif	8	0	none	42	900	64	74	34	11	18	11	ok	translator=legacy	926.7
1777262478	round1_mut11_s101_s10_seed42	mut11_s101.blif	10	0	none	42	900	72	80	38	15	16	11	ok	translator=legacy	927.2
1777262489	round1_canonical_70_s10_seed42	canonical_70.blif	10	0	none	42	900	64	69	30	12	19	8	ok	translator=legacy	938.0
1777262502	round1_canonical_70_s10_seed1	canonical_70.blif	10	0	none	1	900	66	70	29	9	23	9	ok	translator=legacy	950.5
1777262521	round1_canonical_74_s10_seed1	canonical_74.blif	10	0	none	1	900	71	74	36	13	17	8	ok	translator=legacy	969.4
1777262530	round1_canonical_65_s10_seed42	canonical_65.blif	10	0	none	42	900	60	66	26	12	20	8	ok	translator=legacy	978.8
1777262567	round1_canonical_65_s10_seed1	canonical_65.blif	10	0	none	1	900	63	66	26	12	21	7	ok	translator=legacy	1015.8
1777263360	round1_mut11_s17_s8_seed1	mut11_s17.blif	8	0	none	1	900	67	80	36	13	18	13	ok	translator=legacy	903.6
1777263360	round1_mut11_s17_s8_seed42	mut11_s17.blif	8	0	none	42	900	65	76	34	12	19	11	ok	translator=legacy	901.8
1777263363	round1_mut11_s17_s10_seed42	mut11_s17.blif	10	0	none	42	900	69	78	35	11	22	10	ok	translator=legacy	902.6
1777263365	round1_mut11_s1_s8_seed1	mut11_s1.blif	8	0	none	1	900	63	73	35	13	15	10	ok	translator=legacy	904.7
1777263375	round1_mut11_s13_s10_seed42	mut11_s13.blif	10	0	none	42	900	71	79	38	14	15	12	ok	translator=legacy	923.3
1777264575	round1_mut11_s23_s8_seed42	mut11_s23.blif	8	0	none	42	900	65	75	32	11	22	10	ok	translator=legacy	900.8
1777264577	round1_mut11_s313_s8_seed1	mut11_s313.blif	8	0	none	1	900	67	77	32	11	24	10	ok	translator=legacy	903.2
1777264577	round1_mut11_s211_s8_seed1	mut11_s211.blif	8	0	none	1	900	67	78	34	12	21	11	ok	translator=legacy	903.2
1777264577	round1_mut11_s23_s8_seed1	mut11_s23.blif	8	0	none	1	900	67	80	36	13	18	13	ok	translator=legacy	903.4
1777264578	round1_mut11_s2_s8_seed42	mut11_s2.blif	8	0	none	42	900	62	74	31	11	20	12	ok	translator=legacy	903.9
1777264579	round1_mut11_s211_s10_seed42	mut11_s211.blif	10	0	none	42	900	70	76	36	14	17	9	ok	translator=legacy	905.0
1777264580	round1_mut11_s2_s8_seed1	mut11_s2.blif	8	0	none	1	900	65	79	35	7	23	14	ok	translator=legacy	906.0
1777264580	round1_mut11_s211_s8_seed42	mut11_s211.blif	8	0	none	42	900	66	78	36	14	16	12	ok	translator=legacy	906.0
1777264581	round1_mut11_s1_s8_seed42	mut11_s1.blif	8	0	none	42	900	64	75	32	14	18	11	ok	translator=legacy	907.1
1777264581	round1_mut11_s23_s10_seed42	mut11_s23.blif	10	0	none	42	900	70	79	35	13	20	11	ok	translator=legacy	907.3
1777264586	round1_mut11_s2_s10_seed42	mut11_s2.blif	10	0	none	42	900	76	81	37	16	19	9	ok	translator=legacy	911.8
1777264587	round1_mut11_s1_s10_seed1	mut11_s1.blif	10	0	none	1	900	70	75	34	11	20	10	ok	translator=legacy	912.6
1777264587	round1_mut11_s2_s10_seed1	mut11_s2.blif	10	0	none	1	900	78	81	37	13	20	11	ok	translator=legacy	912.7
1777264590	round1_mut11_s1_s10_seed42	mut11_s1.blif	10	0	none	42	900	71	76	37	12	17	10	ok	translator=legacy	915.7
1777264593	round1_mut11_s13_s10_seed1	mut11_s13.blif	10	0	none	1	900	73	81	38	15	13	15	ok	translator=legacy	919.0
1777264594	round1_mut11_s211_s10_seed1	mut11_s211.blif	10	0	none	1	900	69	80	37	12	19	12	ok	translator=legacy	920.0
1777264621	round1_mut11_s17_s10_seed1	mut11_s17.blif	10	0	none	1	900	85	82	40	15	16	11	ok	translator=legacy	947.3
1777264655	round1_mut11_s23_s10_seed1	mut11_s23.blif	10	0	none	1	900	85	82	40	15	16	11	ok	translator=legacy	980.9
1777265477	round1_mut11_s313_s8_seed42	mut11_s313.blif	8	0	none	42	900	67	78	37	10	20	11	ok	translator=legacy	902.4
1777265479	round1_mut11_s31_s8_seed1	mut11_s31.blif	8	0	none	1	900	59	70	29	11	19	11	ok	translator=legacy	901.5
1777265483	round1_mut11_s31_s8_seed42	mut11_s31.blif	8	0	none	42	900	63	74	32	12	19	11	ok	translator=legacy	905.1
1777265484	round1_mut11_s3_s8_seed42	mut11_s3.blif	8	0	none	42	900	67	81	35	13	19	14	ok	translator=legacy	902.3
1777265488	round1_mut11_s3_s10_seed42	mut11_s3.blif	10	0	none	42	900	75	81	39	13	18	11	ok	translator=legacy	902.0
1777265491	round1_mut11_s3_s8_seed1	mut11_s3.blif	8	0	none	1	900	67	84	38	11	18	17	ok	translator=legacy	910.8
1777265493	round1_mut11_s42_s8_seed42	mut11_s42.blif	8	0	none	42	900	67	77	35	12	20	10	ok	translator=legacy	905.7
1777265493	round1_mut11_s31_s10_seed1	mut11_s31.blif	10	0	none	1	900	71	77	37	14	15	11	ok	translator=legacy	914.2
1777265494	round1_mut11_s313_s10_seed1	mut11_s313.blif	10	0	none	1	900	78	81	37	13	20	11	ok	translator=legacy	916.9
1777265495	round1_mut11_s42_s8_seed1	mut11_s42.blif	8	0	none	1	900	67	75	32	13	22	8	ok	translator=legacy	908.2
1777265496	round1_mut11_s3_s10_seed1	mut11_s3.blif	10	0	none	1	900	78	81	37	13	20	11	ok	translator=legacy	914.9
1777265497	round1_mut11_s555_s8_seed1	mut11_s555.blif	8	0	none	1	900	67	75	32	13	22	8	ok	translator=legacy	902.7
1777265500	round1_mut11_s313_s10_seed42	mut11_s313.blif	10	0	none	42	900	75	81	39	13	18	11	ok	translator=legacy	922.9
1777265504	round1_mut11_s31_s10_seed42	mut11_s31.blif	10	0	none	42	900	70	76	32	13	20	11	ok	translator=legacy	924.1
1777265514	round1_mut11_s42_s10_seed42	mut11_s42.blif	10	0	none	42	900	73	82	39	14	17	12	ok	translator=legacy	920.8
1777265532	round1_mut11_s555_s8_seed42	mut11_s555.blif	8	0	none	42	900	67	78	36	12	19	11	ok	translator=legacy	910.1
1777265539	round1_mut11_s42_s10_seed1	mut11_s42.blif	10	0	none	1	900	73	80	37	14	16	13	ok	translator=legacy	949.2
1777265589	round1_mut11_s555_s10_seed1	mut11_s555.blif	10	0	none	1	900	73	80	37	13	18	12	ok	translator=legacy	933.7
1777265815	vmini_fp4_mul_v2_assocA_w_75_s8_se7777	fp4_mul_v2_assocA_w_75.blif	8	0	none	7777	900	58	64	25	12	21	6	ok	translator=legacy	902.4
1777265819	vmini_fp4_mul_v2_assocA_w_26_s8_se7777	fp4_mul_v2_assocA_w_26.blif	8	0	none	7777	900	58	65	25	12	21	7	ok	translator=legacy	905.8
1777265821	vmini_fp4_mul_v2_assocB_w_72_s8_se7777	fp4_mul_v2_assocB_w_72.blif	8	0	none	7777	900	58	68	27	10	21	10	ok	translator=legacy	908.4
1777265826	vmini_canonical_70_v1_pushA_not_46_s8_se7777	canonical_70_v1_pushA_not_46.blif	8	0	none	7777	900	61	71	29	11	21	10	ok	translator=legacy	913.3
1777265831	vmini_canonical_65_pushed_s8_se7777	canonical_65_pushed.blif	8	0	none	7777	900	58	67	26	11	21	9	ok	translator=legacy	917.9
1777265833	vmini_fp4_mul_v1_pushA_not_77_s8_se7777	fp4_mul_v1_pushA_not_77.blif	8	0	none	7777	900	58	65	26	11	21	7	ok	translator=legacy	920.2
1777265972	pushed_s8_se42	canonical_65_pushed.blif	8	0	none	42	1500	58	67	25	10	23	9	ok	translator=legacy	1505.4
1777266042	pushed_s10_se1	canonical_65_pushed.blif	10	0	none	1	1500	60	66	25	11	23	7	ok	translator=legacy	1575.7
1777266391	round1_mut11_s5_s8_seed1	mut11_s5.blif	8	0	none	1	900	67	75	32	12	23	8	ok	translator=legacy	912.1
1777266396	round1_mut11_s7_s8_seed42	mut11_s7.blif	8	0	none	42	900	64	72	37	13	14	8	ok	translator=legacy	902.9
1777266396	round1_mut11_s555_s10_seed42	mut11_s555.blif	10	0	none	42	900	76	81	37	15	16	13	ok	translator=legacy	918.5
1777266396	round1_mut11_s5_s8_seed42	mut11_s5.blif	8	0	none	42	900	67	78	36	10	21	11	ok	translator=legacy	913.0
1777266397	round1_mut11_s7_s8_seed1	mut11_s7.blif	8	0	none	1	900	67	79	38	15	14	12	ok	translator=legacy	905.7
1777266397	round1_mut11_s99_s8_seed1	mut11_s99.blif	8	0	none	1	900	66	72	31	13	22	6	ok	translator=legacy	902.5
1777266405	round1_mut11_s7_s10_seed42	mut11_s7.blif	10	0	none	42	900	73	80	40	13	15	12	ok	translator=legacy	910.3
1777266408	round1_mut26_s1_s8_seed1	mut26_s1.blif	8	0	none	1	900	63	74	31	11	21	11	ok	translator=legacy	903.4
1777266416	round1_mut11_s5_s10_seed42	mut11_s5.blif	10	0	none	42	900	76	81	37	15	16	13	ok	translator=legacy	928.3
1777266418	round1_mut11_s99_s8_seed42	mut11_s99.blif	8	0	none	42	900	65	71	30	14	21	6	ok	translator=legacy	921.7
1777266421	round1_mut11_s5_s10_seed1	mut11_s5.blif	10	0	none	1	900	73	80	37	14	16	13	ok	translator=legacy	937.7
1777266428	round1_mut11_s99_s10_seed1	mut11_s99.blif	10	0	none	1	900	74	78	37	12	19	10	ok	translator=legacy	931.0
1777266428	round1_mut26_s1_s8_seed42	mut26_s1.blif	8	0	none	42	900	64	73	32	12	20	9	ok	translator=legacy	914.3
1777266442	round1_mut26_s1_s10_seed42	mut26_s1.blif	10	0	none	42	900	68	73	33	14	19	7	ok	translator=legacy	902.7
1777266451	round1_mut11_s99_s10_seed42	mut11_s99.blif	10	0	none	42	900	71	78	37	18	12	11	ok	translator=legacy	950.4
1777266466	round1_mut26_s1_s10_seed1	mut26_s1.blif	10	0	none	1	900	73	76	34	12	20	10	ok	translator=legacy	934.2
1777266467	round1_mut11_s7_s10_seed1	mut11_s7.blif	10	0	none	1	900	74	80	37	15	14	14	ok	translator=legacy	973.5
1777266492	round1_mut26_s42_s8_seed1	mut26_s42.blif	8	0	none	1	900	67	75	32	13	22	8	ok	translator=legacy	903.1
1777266728	vmini_canonical_70_v1_pushB_not_46_s8_se7777	canonical_70_v1_pushB_not_46.blif	8	0	none	7777	900	58						translate_fail		912.5
1777266732	vmini_canonical_70_v1_pushB_not_73_s8_se7777	canonical_70_v1_pushB_not_73.blif	8	0	none	7777	900	60	69	29	10	21	9	ok	translator=legacy	912.7
1777266735	vmini_canonical_70_v2_assocB_w_34_s8_se7777	canonical_70_v2_assocB_w_34.blif	8	0	none	7777	900	61	70	29	10	22	9	ok	translator=legacy	904.0
1777266739	vmini_canonical_70_v2_assocB_y[3]_s8_se7777	canonical_70_v2_assocB_y[3].blif	8	0	none	7777	900	61	68	27	10	24	7	ok	translator=legacy	905.6
1777266739	vmini_canonical_70_v2_assocB_w_10_s8_se7777	canonical_70_v2_assocB_w_10.blif	8	0	none	7777	900	61	70	27	14	20	9	ok	translator=legacy	912.8
1777266739	vmini_canonical_70_v2_assocA_w_16_s8_se7777	canonical_70_v2_assocA_w_16.blif	8	0	none	7777	900	61	72	30	10	21	11	ok	translator=legacy	917.9
1777267297	round1_mut26_s7_s8_seed1	mut26_s7.blif	8	0	none	1	900	68	77	40	15	13	9	ok	translator=legacy	900.4
1777267298	round1_mut26_s42_s8_seed42	mut26_s42.blif	8	0	none	42	900	67	79	34	10	23	12	ok	translator=legacy	907.0
1777267305	round1_mut26_s7_s8_seed42	mut26_s7.blif	8	0	none	42	900	66	77	36	11	19	11	ok	translator=legacy	907.7
1777267307	round1_mut26_s42_s10_seed1	mut26_s42.blif	10	0	none	1	900	71	81	37	13	18	13	ok	translator=legacy	910.9
1777267310	round1_mut26_s99_s8_seed1	mut26_s99.blif	8	0	none	1	900	63	72	34	12	17	9	ok	translator=legacy	902.2
1777267314	round1_mut26_s7_s10_seed1	mut26_s7.blif	10	0	none	1	900	74	81	38	15	13	15	ok	translator=legacy	916.3
1777267318	round1_mut26_s99_s8_seed42	mut26_s99.blif	8	0	none	42	900	65	73	33	13	19	8	ok	translator=legacy	901.5
1777267318	round1_mut26_s42_s10_seed42	mut26_s42.blif	10	0	none	42	900	70	78	36	14	17	11	ok	translator=legacy	922.2
1777267332	round1_mut27_s1_s8_seed1	mut27_s1.blif	8	0	none	1	900	64	75	29	12	23	11	ok	translator=legacy	904.2
1777267343	round1_mut27_s1_s8_seed42	mut27_s1.blif	8	0	none	42	900	64	75	32	14	18	11	ok	translator=legacy	913.9
1777267346	round1_mut26_s7_s10_seed42	mut26_s7.blif	10	0	none	42	900	72	80	40	13	15	12	ok	translator=legacy	941.0
1777267348	round1_mut26_s99_s10_seed42	mut26_s99.blif	10	0	none	42	900	68	75	35	18	14	8	ok	translator=legacy	926.7
1777267369	round1_mut27_s42_s8_seed42	mut27_s42.blif	8	0	none	42	900	67	77	35	11	21	10	ok	translator=legacy	902.3
1777267375	round1_mut27_s42_s8_seed1	mut27_s42.blif	8	0	none	1	900	65	76	33	11	21	11	ok	translator=legacy	908.9
1777267377	round1_mut26_s99_s10_seed1	mut26_s99.blif	10	0	none	1	900	74	78	37	12	19	10	ok	translator=legacy	958.4
1777267382	round1_mut27_s1_s10_seed42	mut27_s1.blif	10	0	none	42	900	69	73	34	14	17	8	ok	translator=legacy	930.9
1777267386	round1_mut27_s1_s10_seed1	mut27_s1.blif	10	0	none	1	900	74	78	36	14	18	10	ok	translator=legacy	943.5
1777267401	round1_mut27_s42_s10_seed1	mut27_s42.blif	10	0	none	1	900	71	81	37	13	18	13	ok	translator=legacy	909.4
1777268204	round1_mut27_s7_s8_seed1	mut27_s7.blif	8	0	none	1	900	68	80	40	15	13	12	ok	translator=legacy	905.5
1777268211	round1_mut27_s7_s8_seed42	mut27_s7.blif	8	0	none	42	900	67	80	38	14	15	13	ok	translator=legacy	906.1
1777268215	round1_mut27_s7_s10_seed1	mut27_s7.blif	10	0	none	1	900	74	81	38	15	13	15	ok	translator=legacy	907.8
1777268218	round1_mut27_s99_s8_seed1	mut27_s99.blif	8	0	none	1	900	64	74	31	10	23	10	ok	translator=legacy	904.4
1777268221	round1_mut27_s42_s10_seed42	mut27_s42.blif	10	0	none	42	900	71	77	36	13	18	10	ok	translator=legacy	924.3
1777268224	round1_mut27_s99_s8_seed42	mut27_s99.blif	8	0	none	42	900	65	72	31	16	18	7	ok	translator=legacy	906.2
1777268227	round1_mut27_s99_s10_seed1	mut27_s99.blif	10	0	none	1	900	74	78	37	12	19	10	ok	translator=legacy	908.4
1777268237	round1_mut27_s7_s10_seed42	mut27_s7.blif	10	0	none	42	900	72	78	38	14	15	11	ok	translator=legacy	926.8
1777268247	round1_mut2_s1_s8_seed42	mut2_s1.blif	8	0	none	42	900	65	77	34	12	19	12	ok	translator=legacy	901.1
1777268247	round1_mut2_s1_s8_seed1	mut2_s1.blif	8	0	none	1	900	63	73	33	10	20	10	ok	translator=legacy	904.8
1777268253	round1_mut27_s99_s10_seed42	mut27_s99.blif	10	0	none	42	900	68	75	34	18	15	8	ok	translator=legacy	920.6
1777268272	round1_mut2_s1_s10_seed1	mut2_s1.blif	10	0	none	1	900	71	77	33	12	21	11	ok	translator=legacy	924.0
1777268282	round1_mut2_s42_s8_seed42	mut2_s42.blif	8	0	none	42	900	66	75	32	14	20	9	ok	translator=legacy	904.9
1777268284	round1_mut2_s42_s8_seed1	mut2_s42.blif	8	0	none	1	900	67	78	34	12	21	11	ok	translator=legacy	908.7
1777268301	round1_mut2_s1_s10_seed42	mut2_s1.blif	10	0	none	42	900	71	76	37	12	17	10	ok	translator=legacy	931.1
1777268308	round1_mut2_s42_s10_seed1	mut2_s42.blif	10	0	none	1	900	69	80	37	12	19	12	ok	translator=legacy	926.2
1777268309	round1_mut2_s7_s8_seed1	mut2_s7.blif	8	0	none	1	900	66	75	37	12	17	9	ok	translator=legacy	907.4
1777268310	round1_mut2_s42_s10_seed42	mut2_s42.blif	10	0	none	42	900	76	80	35	15	20	10	ok	translator=legacy	924.1
1777269105	round1_mut2_s7_s8_seed42	mut2_s7.blif	8	0	none	42	900	69	77	41	13	13	10	ok	translator=legacy	901.2
1777269115	round1_mut2_s7_s10_seed1	mut2_s7.blif	10	0	none	1	900	73	81	38	15	13	15	ok	translator=legacy	904.3
1777269116	round1_mut2_s7_s10_seed42	mut2_s7.blif	10	0	none	42	900	72	78	38	14	15	11	ok	translator=legacy	901.2
1777269124	round1_mut2_s99_s8_seed1	mut2_s99.blif	8	0	none	1	900	63	73	33	11	19	10	ok	translator=legacy	905.2
1777269130	round1_mut2_s99_s8_seed42	mut2_s99.blif	8	0	none	42	900	65	73	31	15	19	8	ok	translator=legacy	908.4
1777269135	round1_mut2_s99_s10_seed42	mut2_s99.blif	10	0	none	42	900	68	75	34	18	15	8	ok	translator=legacy	908.0
1777269138	round1_mut2_s99_s10_seed1	mut2_s99.blif	10	0	none	1	900	74	78	37	12	19	10	ok	translator=legacy	913.9
1777269145	round1_raw_s1_s8_seed1	raw_s1.blif	8	0	none	1	900	67	82	38	12	16	16	ok	translator=legacy	908.1
1777269156	round1_raw_s1_s8_seed42	raw_s1.blif	8	0	none	42	900	65	76	36	12	17	11	ok	translator=legacy	908.5
1777269172	round1_raw_s1_s10_seed1	raw_s1.blif	10	0	none	1	900	82	83	39	14	16	14	ok	translator=legacy	924.7
1777269176	round1_raw_s42_s8_seed1	raw_s42.blif	8	0	none	1	900	64	76	30	11	23	12	ok	translator=legacy	903.9
1777269183	round1_raw_s42_s8_seed42	raw_s42.blif	8	0	none	42	900	63	74	32	12	19	11	ok	translator=legacy	900.9
1777269192	round1_raw_s42_s10_seed1	raw_s42.blif	10	0	none	1	900	74	81	39	13	15	14	ok	translator=legacy	907.9
1777269207	round1_raw_s42_s10_seed42	raw_s42.blif	10	0	none	42	900	78	84	40	12	17	15	ok	translator=legacy	906.4
1777269210	round1_raw_s7_s8_seed1	raw_s7.blif	8	0	none	1	900	67	75	35	13	19	8	ok	translator=legacy	902.0
1777269212	round1_raw_s7_s8_seed42	raw_s7.blif	8	0	none	42	900	66	78	36	13	16	13	ok	translator=legacy	902.9
1777269214	round1_raw_s7_s10_seed1	raw_s7.blif	10	0	none	1	900	89	80	40	14	15	11	ok	translator=legacy	903.8
1777269220	round1_raw_s1_s10_seed42	raw_s1.blif	10	0	none	42	900	91	87	42	15	14	16	ok	translator=legacy	967.0
1777270017	round1_raw_s99_s8_seed1	raw_s99.blif	8	0	none	1	900	64	76	32	11	21	12	ok	translator=legacy	901.9
1777270022	round1_raw_s99_s8_seed42	raw_s99.blif	8	0	none	42	900	63	73	31	12	20	10	ok	translator=legacy	906.1
1777270033	round1_raw_s99_s10_seed1	raw_s99.blif	10	0	none	1	900	75	81	39	13	15	14	ok	translator=legacy	909.0
1777270042	round1_raw_s99_s10_seed42	raw_s99.blif	10	0	none	42	900	77	85	40	15	16	14	ok	translator=legacy	911.8
1777270043	round1_raw_s7_s10_seed42	raw_s7.blif	10	0	none	42	900	83	83	36	16	20	11	ok	translator=legacy	937.9
1777271593	r2A_canonical_70_z10_se42	canonical_70.blif	10	0	none	42	1500	63	70	29	10	22	9	ok	translator=legacy	1500.8
1777271594	r2A_canonical_70_z8_se42	canonical_70.blif	8	0	none	42	1500	60	69	28	12	20	9	ok	translator=legacy	1501.3
1777271594	r2A_canonical_65_pushed_z8_se1	canonical_65_pushed.blif	8	0	none	1	1500	58	67	27	11	20	9	ok	translator=legacy	1501.4
1777271595	r2A_canonical_65_pushed_z8_se42	canonical_65_pushed.blif	8	0	none	42	1500	58	67	26	11	21	9	ok	translator=legacy	1502.9
1777271596	r2A_canonical_65_pushed_z8_se7777	canonical_65_pushed.blif	8	0	none	7777	1500	58	67	26	11	21	9	ok	translator=legacy	1503.8
1777271597	r2A_canonical_65_z8_se42	canonical_65.blif	8	0	none	42	1500	58	65	25	12	21	7	ok	translator=legacy	1504.7
1777271598	r2A_canonical_70_z8_se7777	canonical_70.blif	8	0	none	7777	1500	60	69	29	11	20	9	ok	translator=legacy	1505.6
1777271599	r2A_canonical_65_z8_se1	canonical_65.blif	8	0	none	1	1500	58	68	28	12	18	10	ok	translator=legacy	1506.9
1777271602	r2A_canonical_70_z10_se7777	canonical_70.blif	10	0	none	7777	1500	65	70	28	10	24	8	ok	translator=legacy	1509.3
1777271603	r2A_canonical_65_z8_se7777	canonical_65.blif	8	0	none	7777	1500	58	68	27	10	21	10	ok	translator=legacy	1510.7
1777271605	r2A_canonical_65_z10_se42	canonical_65.blif	10	0	none	42	1500	59	65	25	12	21	7	ok	translator=legacy	1512.7
1777271609	r2A_canonical_65_z10_se7777	canonical_65.blif	10	0	none	7777	1500	59	65	26	11	21	7	ok	translator=legacy	1516.3
1777271615	r2A_canonical_70_z8_se1	canonical_70.blif	8	0	none	1	1500	62	68	29	9	23	7	ok	translator=legacy	1522.4
1777271621	r2A_canonical_65_z10_se1	canonical_65.blif	10	0	none	1	1500	61	65	25	12	21	7	ok	translator=legacy	1528.2
1777271625	r2A_canonical_65_pushed_z10_se7777	canonical_65_pushed.blif	10	0	none	7777	1500	61	68	26	12	22	8	ok	translator=legacy	1532.8
1777271634	r2A_canonical_65_pushed_z10_se1	canonical_65_pushed.blif	10	0	none	1	1500	61	66	25	12	22	7	ok	translator=legacy	1541.6
1777271645	r2A_canonical_70_z10_se1	canonical_70.blif	10	0	none	1	1500	64	70	29	9	23	9	ok	translator=legacy	1552.7
1777271649	r2A_canonical_65_pushed_z10_se42	canonical_65_pushed.blif	10	0	none	42	1500	59	66	25	12	21	8	ok	translator=legacy	1556.2
1777273099	r2A_fp4_mul_v2_assocA_w_26_z8_se1	fp4_mul_v2_assocA_w_26.blif	8	0	none	1	1500	58	66	26	11	21	8	ok	translator=legacy	1500.6
1777273101	r2A_fp4_mul_v1_pushA_not_77_z8_se42	fp4_mul_v1_pushA_not_77.blif	8	0	none	42	1500	58	68	27	10	21	10	ok	translator=legacy	1507.3
1777273101	r2A_fp4_mul_v1_pushA_not_77_z8_se1	fp4_mul_v1_pushA_not_77.blif	8	0	none	1	1500	58	65	26	11	21	7	ok	translator=legacy	1507.8
1777273106	r2A_fp4_mul_v1_pushA_not_77_z8_se7777	fp4_mul_v1_pushA_not_77.blif	8	0	none	7777	1500	58	65	26	11	21	7	ok	translator=legacy	1511.5
1777273109	r2A_fp4_mul_v2_assocA_w_26_z8_se42	fp4_mul_v2_assocA_w_26.blif	8	0	none	42	1500	58	67	27	11	20	9	ok	translator=legacy	1509.6
1777273110	r2A_fp4_mul_v2_assocA_w_26_z8_se7777	fp4_mul_v2_assocA_w_26.blif	8	0	none	7777	1500	58	67	27	11	20	9	ok	translator=legacy	1507.7
1777273118	r2A_fp4_mul_v2_assocA_w_75_z8_se1	fp4_mul_v2_assocA_w_75.blif	8	0	none	1	1500	58	68	26	11	21	10	ok	translator=legacy	1502.6
1777273120	r2A_fp4_mul_v1_pushA_not_77_z10_se7777	fp4_mul_v1_pushA_not_77.blif	10	0	none	7777	1500	59	66	25	12	21	8	ok	translator=legacy	1522.4
1777273129	r2A_fp4_mul_v2_assocA_w_75_z8_se42	fp4_mul_v2_assocA_w_75.blif	8	0	none	42	1500	58	66	25	12	21	8	ok	translator=legacy	1508.1
1777273132	r2A_fp4_mul_v2_assocA_w_75_z8_se7777	fp4_mul_v2_assocA_w_75.blif	8	0	none	7777	1500	58	66	24	12	22	8	ok	translator=legacy	1506.2
1777273133	r2A_fp4_mul_v2_assocA_w_26_z10_se1	fp4_mul_v2_assocA_w_26.blif	10	0	none	1	1500	59	65	26	11	21	7	ok	translator=legacy	1529.9
1777273138	r2A_fp4_mul_v2_assocA_w_26_z10_se42	fp4_mul_v2_assocA_w_26.blif	10	0	none	42	1500	59	65	25	12	21	7	ok	translator=legacy	1533.0
1777273165	r2A_fp4_mul_v1_pushA_not_77_z10_se42	fp4_mul_v1_pushA_not_77.blif	10	0	none	42	1500	59	65	25	12	21	7	ok	translator=legacy	1568.5
1777273169	r2A_fp4_mul_v2_assocA_w_26_z10_se7777	fp4_mul_v2_assocA_w_26.blif	10	0	none	7777	1500	62	65	25	12	21	7	ok	translator=legacy	1559.8
1777273182	r2A_fp4_mul_v2_assocA_w_75_z10_se42	fp4_mul_v2_assocA_w_75.blif	10	0	none	42	1500	60	68	26	12	21	9	ok	translator=legacy	1536.3
1777273184	r2A_fp4_mul_v1_pushA_not_77_z10_se1	fp4_mul_v1_pushA_not_77.blif	10	0	none	1	1500	64	66	25	12	22	7	ok	translator=legacy	1588.9
1777273194	r2A_fp4_mul_v2_assocA_w_75_z10_se7777	fp4_mul_v2_assocA_w_75.blif	10	0	none	7777	1500	58	64	25	12	21	6	ok	translator=legacy	1545.6
1777273207	r2A_fp4_mul_v2_assocA_w_75_z10_se1	fp4_mul_v2_assocA_w_75.blif	10	0	none	1	1500	60	66	26	11	21	8	ok	translator=legacy	1572.9
1777274606	r2A_fp4_mul_v2_assocB_w_72_z8_se42	fp4_mul_v2_assocB_w_72.blif	8	0	none	42	1500	58	66	27	11	20	8	ok	translator=legacy	1505.1
1777274613	r2A_fp4_mul_v2_assocB_w_72_z10_se42	fp4_mul_v2_assocB_w_72.blif	10	0	none	42	1500	59	67	26	12	21	8	ok	translator=legacy	1503.9
1777274614	r2A_fp4_mul_v2_assocB_w_72_z8_se7777	fp4_mul_v2_assocB_w_72.blif	8	0	none	7777	1500	58	66	26	11	21	8	ok	translator=legacy	1512.6
1777274617	r2A_fp4_mul_v2_assocB_w_72_z8_se1	fp4_mul_v2_assocB_w_72.blif	8	0	none	1	1500	58	67	27	10	21	9	ok	translator=legacy	1518.3
1777274622	r2A_canonical_70_v1_pushA_not_46_z8_se1	canonical_70_v1_pushA_not_46.blif	8	0	none	1	1500	60	70	28	10	22	10	ok	translator=legacy	1504.1
1777274623	r2A_fp4_mul_v2_assocB_w_72_z10_se7777	fp4_mul_v2_assocB_w_72.blif	10	0	none	7777	1500	59	65	25	13	21	6	ok	translator=legacy	1513.6
1777274624	r2A_canonical_70_v1_pushA_not_46_z8_se42	canonical_70_v1_pushA_not_46.blif	8	0	none	42	1500	60	70	30	13	17	10	ok	translator=legacy	1504.4
1777274632	r2A_canonical_70_v1_pushA_not_46_z8_se7777	canonical_70_v1_pushA_not_46.blif	8	0	none	7777	1500	60	69	29	11	20	9	ok	translator=legacy	1503.2
1777274647	r2A_fp4_mul_v2_assocB_w_72_z10_se1	fp4_mul_v2_assocB_w_72.blif	10	0	none	1	1500	58	67	27	11	20	9	ok	translator=legacy	1541.6
1777274678	r2A_canonical_70_v1_pushA_not_46_z10_se7777	canonical_70_v1_pushA_not_46.blif	10	0	none	7777	1500	66	70	29	11	22	8	ok	translator=legacy	1539.3
1777274679	r2A_canonical_70_v1_pushB_not_46_z8_se1	canonical_70_v1_pushB_not_46.blif	8	0	none	1	1500	59						translate_fail		1513.7
1777274686	r2A_canonical_70_v1_pushB_not_46_z8_se42	canonical_70_v1_pushB_not_46.blif	8	0	none	42	1500	58						translate_fail		1516.6
1777274687	r2A_canonical_70_v1_pushB_not_46_z8_se7777	canonical_70_v1_pushB_not_46.blif	8	0	none	7777	1500	55						translate_fail		1504.9
1777274690	r2A_canonical_70_v1_pushA_not_46_z10_se42	canonical_70_v1_pushA_not_46.blif	10	0	none	42	1500	66	69	29	11	22	7	ok	translator=legacy	1557.2
1777274691	r2A_canonical_70_v1_pushA_not_46_z10_se1	canonical_70_v1_pushA_not_46.blif	10	0	none	1	1500	66	73	30	9	23	11	ok	translator=legacy	1559.3
1777274719	r2A_canonical_70_v1_pushB_not_46_z10_se7777	canonical_70_v1_pushB_not_46.blif	10	0	none	7777	1500	63						translate_fail		1512.1
1777274721	r2A_canonical_70_v1_pushB_not_46_z10_se42	canonical_70_v1_pushB_not_46.blif	10	0	none	42	1500	61						translate_fail		1526.1
1777274723	r2A_canonical_70_v1_pushB_not_46_z10_se1	canonical_70_v1_pushB_not_46.blif	10	0	none	1	1500	63						translate_fail		1538.6
1777276116	r2A_canonical_70_v1_pushB_not_73_z8_se42	canonical_70_v1_pushB_not_73.blif	8	0	none	42	1500	61	71	29	12	20	10	ok	translator=legacy	1502.5
1777276117	r2A_canonical_70_v1_pushB_not_73_z8_se7777	canonical_70_v1_pushB_not_73.blif	8	0	none	7777	1500	59	70	29	10	20	11	ok	translator=legacy	1503.0
1777276126	r2A_canonical_70_v1_pushB_not_73_z8_se1	canonical_70_v1_pushB_not_73.blif	8	0	none	1	1500	60	69	28	10	22	9	ok	translator=legacy	1519.5
1777276128	r2A_canonical_70_v2_assocA_w_16_z8_se1	canonical_70_v2_assocA_w_16.blif	8	0	none	1	1500	61	70	28	11	22	9	ok	translator=legacy	1503.6
1777276128	r2A_canonical_70_v1_pushB_not_73_z10_se1	canonical_70_v1_pushB_not_73.blif	10	0	none	1	1500	64	74	31	10	22	11	ok	translator=legacy	1510.8
1777276139	r2A_canonical_70_v2_assocA_w_16_z8_se42	canonical_70_v2_assocA_w_16.blif	8	0	none	42	1500	61	70	30	11	20	9	ok	translator=legacy	1507.0
1777276140	r2A_canonical_70_v1_pushB_not_73_z10_se7777	canonical_70_v1_pushB_not_73.blif	10	0	none	7777	1500	64	70	29	11	20	10	ok	translator=legacy	1516.9
1777276146	r2A_canonical_70_v1_pushB_not_73_z10_se42	canonical_70_v1_pushB_not_73.blif	10	0	none	42	1500	61	70	28	11	22	9	ok	translator=legacy	1523.9
1777276148	r2A_canonical_70_v2_assocA_w_16_z8_se7777	canonical_70_v2_assocA_w_16.blif	8	0	none	7777	1500	61	72	30	10	21	11	ok	translator=legacy	1501.1
1777276189	r2A_canonical_70_v2_assocB_w_10_z8_se1	canonical_70_v2_assocB_w_10.blif	8	0	none	1	1500	61	71	31	10	20	10	ok	translator=legacy	1501.8
1777276195	r2A_canonical_70_v2_assocB_w_10_z8_se7777	canonical_70_v2_assocB_w_10.blif	8	0	none	7777	1500	59	68	28	10	21	9	ok	translator=legacy	1503.9
1777276197	r2A_canonical_70_v2_assocA_w_16_z10_se42	canonical_70_v2_assocA_w_16.blif	10	0	none	42	1500	63	70	30	9	22	9	ok	translator=legacy	1518.4
1777276202	r2A_canonical_70_v2_assocB_w_10_z8_se42	canonical_70_v2_assocB_w_10.blif	8	0	none	42	1500	60	69	27	10	23	9	ok	translator=legacy	1511.8
1777276213	r2A_canonical_70_v2_assocA_w_16_z10_se1	canonical_70_v2_assocA_w_16.blif	10	0	none	1	1500	62	70	29	10	22	9	ok	translator=legacy	1535.4
1777276238	r2A_canonical_70_v2_assocB_w_10_z10_se7777	canonical_70_v2_assocB_w_10.blif	10	0	none	7777	1500	67	69	29	10	22	8	ok	translator=legacy	1514.9
1777276238	r2A_canonical_70_v2_assocA_w_16_z10_se7777	canonical_70_v2_assocA_w_16.blif	10	0	none	7777	1500	64	71	30	10	21	10	ok	translator=legacy	1552.8
1777276239	r2A_canonical_70_v2_assocB_w_10_z10_se1	canonical_70_v2_assocB_w_10.blif	10	0	none	1	1500	63	70	30	11	20	9	ok	translator=legacy	1519.4
1777276254	r2A_canonical_70_v2_assocB_w_10_z10_se42	canonical_70_v2_assocB_w_10.blif	10	0	none	42	1500	63	72	31	9	22	10	ok	translator=legacy	1533.5
1777277620	r2A_canonical_70_v2_assocB_w_34_z8_se42	canonical_70_v2_assocB_w_34.blif	8	0	none	42	1500	59	67	27	11	21	8	ok	translator=legacy	1502.9
1777277621	r2A_canonical_70_v2_assocB_w_34_z8_se1	canonical_70_v2_assocB_w_34.blif	8	0	none	1	1500	61	68	28	12	21	7	ok	translator=legacy	1505.3
1777277628	r2A_canonical_70_v2_assocB_w_34_z8_se7777	canonical_70_v2_assocB_w_34.blif	8	0	none	7777	1500	61	68	29	12	20	7	ok	translator=legacy	1501.5
1777277647	r2A_canonical_70_v2_assocB_w_34_z10_se42	canonical_70_v2_assocB_w_34.blif	10	0	none	42	1500	62	69	29	10	22	8	ok	translator=legacy	1518.9
1777277648	r2A_canonical_70_v2_assocB_y3_z8_se1	canonical_70_v2_assocB_y[3].blif	8	0	none	1	1500	61	69	28	11	22	8	ok	translator=legacy	1507.4
1777277649	r2A_canonical_70_v2_assocB_w_34_z10_se1	canonical_70_v2_assocB_w_34.blif	10	0	none	1	1500	61	70	31	10	20	9	ok	translator=legacy	1520.9
1777277650	r2A_canonical_70_v2_assocB_y3_z8_se7777	canonical_70_v2_assocB_y[3].blif	8	0	none	7777	1500	59	66	25	11	23	7	ok	translator=legacy	1502.0
1777277653	r2A_canonical_70_v2_assocB_w_34_z10_se7777	canonical_70_v2_assocB_w_34.blif	10	0	none	7777	1500	64	72	31	9	22	10	ok	translator=legacy	1513.6
1777277653	r2A_canonical_70_v2_assocB_y3_z8_se42	canonical_70_v2_assocB_y[3].blif	8	0	none	42	1500	61	70	29	11	21	9	ok	translator=legacy	1507.6
1777277707	r2A_mut30_s1_z8_se1	mut30_s1.blif	8	0	none	1	1500	62	71	27	14	21	9	ok	translator=legacy	1504.2
1777277714	r2A_canonical_70_v2_assocB_y3_z10_se1	canonical_70_v2_assocB_y[3].blif	10	0	none	1	1500	62	71	30	9	22	10	ok	translator=legacy	1525.2
1777277714	r2A_mut30_s1_z8_se42	mut30_s1.blif	8	0	none	42	1500	64	75	32	14	18	11	ok	translator=legacy	1501.0
1777277739	r2A_mut30_s1_z8_se7777	mut30_s1.blif	8	0	none	7777	1500	60	70	28	12	20	10	ok	translator=legacy	1500.9
1777277745	r2A_canonical_70_v2_assocB_y3_z10_se7777	canonical_70_v2_assocB_y[3].blif	10	0	none	7777	1500	63	70	29	9	23	9	ok	translator=legacy	1547.9
1777277747	r2A_canonical_70_v2_assocB_y3_z10_se42	canonical_70_v2_assocB_y[3].blif	10	0	none	42	1500	64	72	30	12	20	10	ok	translator=legacy	1552.0
1777277748	r2A_mut30_s1_z10_se1	mut30_s1.blif	10	0	none	1	1500	68	75	34	12	19	10	ok	translator=legacy	1509.2
1777277768	r2A_mut30_s1_z10_se42	mut30_s1.blif	10	0	none	42	1500	68	78	36	12	19	11	ok	translator=legacy	1528.7
1777277784	r2A_mut30_s1_z10_se7777	mut30_s1.blif	10	0	none	7777	1500	65	77	37	12	16	12	ok	translator=legacy	1530.2
1777279121	r2A_mut32_s1_z8_se1	mut32_s1.blif	8	0	none	1	1500	61	69	30	10	21	8	ok	translator=legacy	1500.4
1777279130	r2A_mut32_s1_z8_se7777	mut32_s1.blif	8	0	none	7777	1500	60	72	29	10	21	12	ok	translator=legacy	1502.0
1777279131	r2A_mut32_s1_z8_se42	mut32_s1.blif	8	0	none	42	1500	64	76	31	14	19	12	ok	translator=legacy	1509.6
1777279152	r2A_mut34_s1_z8_se1	mut34_s1.blif	8	0	none	1	1500	62	70	30	10	22	8	ok	translator=legacy	1501.2
1777279154	r2A_mut34_s1_z8_se7777	mut34_s1.blif	8	0	none	7777	1500	63	75	33	10	20	12	ok	translator=legacy	1500.7
1777279154	r2A_mut34_s1_z8_se42	mut34_s1.blif	8	0	none	42	1500	62	70	30	9	23	8	ok	translator=legacy	1501.2
1777279169	r2A_mut32_s1_z10_se42	mut32_s1.blif	10	0	none	42	1500	68	76	34	13	18	11	ok	translator=legacy	1521.0
1777279174	r2A_mut32_s1_z10_se7777	mut32_s1.blif	10	0	none	7777	1500	68	77	31	14	21	11	ok	translator=legacy	1524.8
1777279179	r2A_mut32_s1_z10_se1	mut32_s1.blif	10	0	none	1	1500	68	75	34	12	19	10	ok	translator=legacy	1532.0
1777279231	r2A_mut34_s1_z10_se1	mut34_s1.blif	10	0	none	1	1500	65	74	35	13	16	10	ok	translator=legacy	1524.1
1777279232	r2A_mut34_s1_z10_se7777	mut34_s1.blif	10	0	none	7777	1500	67	76	34	13	19	10	ok	translator=legacy	1517.4
1777279240	r2A_mut33_s42_z8_se1	mut33_s42.blif	8	0	none	1	1500	62	76	32	11	19	14	ok	translator=legacy	1500.6
1777279243	r2A_mut34_s1_z10_se42	mut34_s1.blif	10	0	none	42	1500	68	76	34	13	18	11	ok	translator=legacy	1529.2
1777279247	r2A_mut33_s42_z8_se42	mut33_s42.blif	8	0	none	42	1500	64	76	34	12	18	12	ok	translator=legacy	1501.4
1777279250	r2A_mut33_s42_z8_se7777	mut33_s42.blif	8	0	none	7777	1500	62	75	31	10	21	13	ok	translator=legacy	1503.2
1777279264	r2A_mut33_s42_z10_se1	mut33_s42.blif	10	0	none	1	1500	79	82	42	13	14	13	ok	translator=legacy	1515.8
1777279280	r2A_mut33_s42_z10_se42	mut33_s42.blif	10	0	none	42	1500	72	76	35	14	18	9	ok	translator=legacy	1512.3
1777279309	r2A_mut33_s42_z10_se7777	mut33_s42.blif	10	0	none	7777	1500	70	78	36	12	18	12	ok	translator=legacy	1524.4
1777280622	r2A_canonical_74_d10s42_72_z8_se1	canonical_74_d10s42_72.blif	8	0	none	1	1500	63	75	32	13	18	12	ok	translator=legacy	1501.5
1777280632	r2A_canonical_74_d10s42_72_z8_se7777	canonical_74_d10s42_72.blif	8	0	none	7777	1500	62	71	30	11	21	9	ok	translator=legacy	1501.2
1777280634	r2A_canonical_74_d10s42_72_z8_se42	canonical_74_d10s42_72.blif	8	0	none	42	1500	66	73	32	11	23	7	ok	translator=legacy	1504.5
1777280660	r2A_canonical_74_d10s42_72_z10_se7777	canonical_74_d10s42_72.blif	10	0	none	7777	1500	66	75	34	12	20	9	ok	translator=legacy	1505.8
1777280690	r2A_canonical_74_d10s42_72_z10_se42	canonical_74_d10s42_72.blif	10	0	none	42	1500	65	76	34	14	17	11	ok	translator=legacy	1535.3
1777280726	r2A_canonical_74_d10s42_72_z10_se1	canonical_74_d10s42_72.blif	10	0	none	1	1500	69	72	32	12	22	6	ok	translator=legacy	1574.4
1777283192	phaseB_fp4_mul_v2_assocA_w_55_z8_se7777	fp4_mul_v2_assocA_w_55.blif	8	0	none	7777	2400	58	65	27	11	20	7	ok	translator=legacy	2401.4
1777283195	phaseB_fp4_mul_v2_assocA_w_55_z8_se1	fp4_mul_v2_assocA_w_55.blif	8	0	none	1	2400	58	67	25	12	21	9	ok	translator=legacy	2404.2
1777283195	phaseB_fp4_mul_v1_pushA_not_45_z8_se1	fp4_mul_v1_pushA_not_45.blif	8	0	none	1	2400	55						translate_fail		2404.3
1777283198	phaseB_fp4_mul_v1_pushA_not_45_z8_se7777	fp4_mul_v1_pushA_not_45.blif	8	0	none	7777	2400	55						translate_fail		2406.6
1777283198	phaseB_fp4_mul_v2_assocA_w_55_z8_se13371337	fp4_mul_v2_assocA_w_55.blif	8	0	none	13371337	2400	58	66	25	12	21	8	ok	translator=legacy	2406.8
1777283199	phaseB_fp4_mul_v2_assocA_w_55_z8_se42	fp4_mul_v2_assocA_w_55.blif	8	0	none	42	2400	58	66	27	11	20	8	ok	translator=legacy	2407.8
1777283200	phaseB_fp4_mul_v1_pushA_not_45_z8_se13371337	fp4_mul_v1_pushA_not_45.blif	8	0	none	13371337	2400	55						translate_fail		2408.7
1777283207	phaseB_fp4_mul_v1_pushA_not_45_z8_se42	fp4_mul_v1_pushA_not_45.blif	8	0	none	42	2400	54						translate_fail		2415.8
1777283209	phaseB_fp4_mul_v2_assocA_w_55_z10_se1	fp4_mul_v2_assocA_w_55.blif	10	0	none	1	2400	59	65	25	12	21	7	ok	translator=legacy	2418.1
1777283211	phaseB_fp4_mul_v2_assocA_w_55_z10_se42	fp4_mul_v2_assocA_w_55.blif	10	0	none	42	2400	60	64	25	12	21	6	ok	translator=legacy	2419.6
1777283222	phaseB_fp4_mul_v1_pushA_not_45_z10_se13371337	fp4_mul_v1_pushA_not_45.blif	10	0	none	13371337	2400	57						translate_fail		2431.3
1777283232	phaseB_fp4_mul_v1_pushA_not_45_z10_se42	fp4_mul_v1_pushA_not_45.blif	10	0	none	42	2400	55						translate_fail		2441.5
1777283241	phaseB_fp4_mul_v1_pushA_not_45_z12_se1	fp4_mul_v1_pushA_not_45.blif	12	0	none	1	2400	57						translate_fail		2450.3
1777283242	phaseB_fp4_mul_v1_pushA_not_45_z10_se1	fp4_mul_v1_pushA_not_45.blif	10	0	none	1	2400	55						translate_fail		2450.9
1777283249	phaseB_fp4_mul_v1_pushA_not_45_z10_se7777	fp4_mul_v1_pushA_not_45.blif	10	0	none	7777	2400	55						translate_fail		2458.2
1777283272	phaseB_fp4_mul_v1_pushA_not_45_z12_se7777	fp4_mul_v1_pushA_not_45.blif	12	0	none	7777	2400	58						translate_fail		2481.3
1777283305	phaseB_fp4_mul_v1_pushA_not_45_z12_se42	fp4_mul_v1_pushA_not_45.blif	12	0	none	42	2400	61						translate_fail		2513.8
1777283425	phaseB_fp4_mul_v1_pushA_not_45_z12_se13371337	fp4_mul_v1_pushA_not_45.blif	12	0	none	13371337	2400	59						translate_fail		2634.5
1777285604	phaseB_fp4_mul_v2_assocB_w_37_z8_se1	fp4_mul_v2_assocB_w_37.blif	8	0	none	1	2400	58	65	27	11	20	7	ok	translator=legacy	2404.5
1777285609	phaseB_fp4_mul_v2_assocB_w_37_z8_se42	fp4_mul_v2_assocB_w_37.blif	8	0	none	42	2400	58	66	27	10	21	8	ok	translator=legacy	2401.7
1777285611	phaseB_fp4_mul_v2_assocB_w_37_z8_se13371337	fp4_mul_v2_assocB_w_37.blif	8	0	none	13371337	2400	58	66	25	12	21	8	ok	translator=legacy	2400.4
1777285615	phaseB_fp4_mul_v2_assocA_w_55_z10_se13371337	fp4_mul_v2_assocA_w_55.blif	10	0	none	13371337	2400	58	65	25	12	21	7	ok	translator=legacy	2420.0
1777285616	phaseB_fp4_mul_v2_assocB_w_37_z8_se7777	fp4_mul_v2_assocB_w_37.blif	8	0	none	7777	2400	58	66	25	12	21	8	ok	translator=legacy	2406.7
1777285631	phaseB_fp4_mul_v2_assocA_w_55_z10_se7777	fp4_mul_v2_assocA_w_55.blif	10	0	none	7777	2400	58	66	25	12	21	8	ok	translator=legacy	2438.2
1777285652	phaseB_fp4_mul_v2_assocA_w_55_z12_se13371337	fp4_mul_v2_assocA_w_55.blif	12	0	none	13371337	2400	62	66	26	12	21	7	ok	translator=legacy	2452.8
1777285653	phaseB_fp4_mul_v2_assocB_w_37_z10_se7777	fp4_mul_v2_assocB_w_37.blif	10	0	none	7777	2400	58	64	25	12	21	6	ok	translator=legacy	2411.8
1777285655	phaseB_fp4_mul_v2_assocB_w_37_z12_se1	fp4_mul_v2_assocB_w_37.blif	12	0	none	1	2400	62	65	25	12	21	7	ok	translator=legacy	2405.9
1777285669	phaseB_fp4_mul_v2_assocA_w_55_z12_se42	fp4_mul_v2_assocA_w_55.blif	12	0	none	42	2400	61	64	25	12	21	6	ok	translator=legacy	2471.4
1777285681	phaseB_fp4_mul_v2_assocB_w_37_z10_se42	fp4_mul_v2_assocB_w_37.blif	10	0	none	42	2400	58	64	25	12	21	6	ok	translator=legacy	2448.1
1777285688	phaseB_fp4_mul_v2_assocB_w_37_z12_se42	fp4_mul_v2_assocB_w_37.blif	12	0	none	42	2400	61	65	26	12	20	7	ok	translator=legacy	2415.4
1777285695	phaseB_fp4_mul_v2_assocA_w_55_z12_se1	fp4_mul_v2_assocA_w_55.blif	12	0	none	1	2400	61	65	25	13	21	6	ok	translator=legacy	2499.2
1777285700	phaseB_fp4_mul_v2_assocB_w_37_z10_se1	fp4_mul_v2_assocB_w_37.blif	10	0	none	1	2400	58	65	26	12	20	7	ok	translator=legacy	2477.3
1777285712	phaseB_fp4_mul_v2_assocA_w_55_z12_se7777	fp4_mul_v2_assocA_w_55.blif	12	0	none	7777	2400	62	64	25	12	21	6	ok	translator=legacy	2513.9
1777285715	phaseB_fp4_mul_v2_assocB_w_37_z10_se13371337	fp4_mul_v2_assocB_w_37.blif	10	0	none	13371337	2400	62	64	25	12	21	6	ok	translator=legacy	2473.2
1777285794	phaseB_fp4_mul_v2_assocB_w_37_z12_se7777	fp4_mul_v2_assocB_w_37.blif	12	0	none	7777	2400	61	64	25	12	21	6	ok	translator=legacy	2489.6
1777285905	phaseB_fp4_mul_v2_assocB_w_37_z12_se13371337	fp4_mul_v2_assocB_w_37.blif	12	0	none	13371337	2400	62	64	25	12	21	6	ok	translator=legacy	2479.6
1777288007	phaseB_fp4_mul_v2_assocB_w_58_z8_se1	fp4_mul_v2_assocB_w_58.blif	8	0	none	1	2400	58	67	27	10	21	9	ok	translator=legacy	2402.4
1777288010	phaseB_fp4_mul_v2_assocB_w_58_z8_se42	fp4_mul_v2_assocB_w_58.blif	8	0	none	42	2400	58	64	25	12	21	6	ok	translator=legacy	2401.9
1777288012	phaseB_fp4_mul_v2_assocB_w_58_z8_se7777	fp4_mul_v2_assocB_w_58.blif	8	0	none	7777	2400	58	67	26	11	21	9	ok	translator=legacy	2401.3
1777288016	phaseB_fp4_mul_v2_assocB_w_58_z8_se13371337	fp4_mul_v2_assocB_w_58.blif	8	0	none	13371337	2400	58	68	26	11	21	10	ok	translator=legacy	2400.3
1777288041	phaseB_fp4_mul_v2_assocB_w_58_z10_se1	fp4_mul_v2_assocB_w_58.blif	10	0	none	1	2400	61	66	26	12	21	7	ok	translator=legacy	2424.7
1777288060	phaseB_fp4_mul_v2_assocB_w_58_z10_se7777	fp4_mul_v2_assocB_w_58.blif	10	0	none	7777	2400	58	64	25	12	21	6	ok	translator=legacy	2407.9
1777288069	phaseB_fp4_mul_v2_assocB_w_58_z10_se42	fp4_mul_v2_assocB_w_58.blif	10	0	none	42	2400	59	65	26	12	21	6	ok	translator=legacy	2438.4
1777288088	phaseB_fp4_mul_v2_assocB_w_58_z10_se13371337	fp4_mul_v2_assocB_w_58.blif	10	0	none	13371337	2400	62	64	25	12	21	6	ok	translator=legacy	2435.3
1777288094	phaseB_fp4_mul_v2_assocB_w_58_z12_se13371337	fp4_mul_v2_assocB_w_58.blif	12	0	none	13371337	2400	61	64	25	12	21	6	ok	translator=legacy	2406.6
1777288127	phaseB_fp4_mul_v2_assocB_w_58_z12_se42	fp4_mul_v2_assocB_w_58.blif	12	0	none	42	2400	62	64	25	12	21	6	ok	translator=legacy	2458.1
1777288128	phaseB_fp4_mul_v2_assocB_w_58_z12_se7777	fp4_mul_v2_assocB_w_58.blif	12	0	none	7777	2400	60	67	27	12	21	7	ok	translator=legacy	2447.6
1777288133	phaseB_fp4_mul_v2_assocB_w_58_z12_se1	fp4_mul_v2_assocB_w_58.blif	12	0	none	1	2400	61	64	25	12	21	6	ok	translator=legacy	2478.3
1777288356	phaseB_64canon_z14_r0_se42	fp4_mul.blif	14	0	none	42	3600							eslim_no_output		287.1
1777288391	phaseB_64canon_z14_r5_se42	fp4_mul.blif	14	5	none	42	3600							eslim_no_output		257.1
1777288640	phaseB_64canon_z12_r0_se1	fp4_mul.blif	12	0	none	1	3600							eslim_no_output		2945.4
1777288790	phaseB_64canon_z14_r0_se7777	fp4_mul.blif	14	0	none	7777	3600							eslim_no_output		701.3
1777289116	phaseB_64canon_z14_r5_se7777	fp4_mul.blif	14	5	none	7777	3600							eslim_no_output		759.3
1777289322	phaseB_64canon_z12_r0_se7777	fp4_mul.blif	12	0	none	7777	3600	60	64	25	12	21	6	ok	translator=legacy	3606.8
1777289349	phaseB_64canon_z12_r0_se42	fp4_mul.blif	12	0	none	42	3600	62	64	25	12	21	6	ok	translator=legacy	3637.1
1777289372	phaseB_64canon_z12_r0_se7	fp4_mul.blif	12	0	none	7	3600	61	66	26	12	20	8	ok	translator=legacy	3672.5
1777289469	phaseB_64canon_z14_r0_se999	fp4_mul.blif	14	0	none	999	3600							eslim_no_output		1374.4
1777289491	phaseB_64canon_z12_r0_se999	fp4_mul.blif	12	0	none	999	3600	60	64	25	12	21	6	ok	translator=legacy	3696.6
1777289780	phaseB_64canon_z14_r5_se999	fp4_mul.blif	14	5	none	999	3600							eslim_no_output		1388.8
1777290106	phaseB_64canon_z12_r5_se1	fp4_mul.blif	12	5	none	1	3600							eslim_timeout	hard timeout at 4200s	4200.5
1777290283	phaseB_64canon_z14_r5_se7	fp4_mul.blif	14	5	none	7	3600							eslim_no_output		2154.6
1777291029	phaseB_64canon_z14_r0_se1	fp4_mul.blif	14	0	none	1	3600							eslim_no_output		2988.2
1777291282	phaseB_64canon_z14_r5_se1	fp4_mul.blif	14	5	none	1	3600							eslim_no_output		3154.5
1777291700	phaseB_64canon_z14_r0_se7	fp4_mul.blif	14	0	none	7	3600	60	64	25	12	21	6	ok	translator=legacy	3639.9
1777292207	phaseB_64canon_z12_r5_se7	fp4_mul.blif	12	5	none	7	3600							eslim_timeout	hard timeout at 4200s	4200.3
1777292211	phaseB_64canon_z12_r5_se42	fp4_mul.blif	12	5	none	42	3600							eslim_timeout	hard timeout at 4200s	4200.4
1777292213	phaseB_64canon_z12_r5_se7777	fp4_mul.blif	12	5	none	7777	3600							eslim_timeout	hard timeout at 4200s	4200.3
1777292216	phaseB_64canon_z12_r5_se999	fp4_mul.blif	12	5	none	999	3600							eslim_timeout	hard timeout at 4200s	4200.4
